paper_id,title,authors,year,human_decision,ai_decision,confidence,rule_applied,agreement_level,processing_time,engine1_model,engine2_model,extracted_title,title_match,title_similarity,title_validation_status,criterion_1_lmic,criterion_2_cash,criterion_3_assets,criterion_4_design,criterion_5_year,criterion_6_completed,has_qualitative_data,has_cost_data,human_class,ai_class,agreement
121058370,Longitudinal Monitoring and Independent impact assessment of Chars Livelihoods Programme (CLP) - Final Evaluation Report - Volume 1,Jasper Paul; Nikitin Denis; Brockerhoff Stephanie; Jahan Ferdous; Resch Elisabeth; Ahsan Tahera; ,2016,INCLUDE - IE of grad programme,INCLUDE_LIKELY,"Known graduation program from curated list verified via Stage 1.5. Per policy, override to INCLUDE (conservative: INCLUDE_LIKELY).",Rule 0: Curated program match (Stage 1.5) → INCLUDE_LIKELY,CONFLICT,50.887794494628906,anthropic/claude-3.5-sonnet,openai/gpt-4o-2024-11-20,,NO_EXTRACTION,0.0,ERROR: No title extracted from full-text,UNCLEAR,UNCLEAR,UNCLEAR,UNCLEAR,UNCLEAR,UNCLEAR,YES,YES,INCLUDE,INCLUDE,True
121058359,How Far Does a Big Push Really Push? Long-Term Effects of an Asset Transfer Program on Employment Trajectories,Misha Farzana A; Raza Wameq; Ara Jinnat; Poel Ellen Van De; ,2019,INCLUDE - IE of grad programme,INCLUDE_CLEAR,"Clear inclusion: All 6 substantive criteria YES, engines in strong agreement (6/7 criteria agree). Paper clearly meets inclusion requirements.",Rule 2: All YES + AGREE → INCLUDE_CLEAR,AGREE,62.63599944114685,anthropic/claude-3.5-sonnet,openai/gpt-4o-2024-11-20,Long-term effects of BRAC's Challenging the Frontiers of Poverty Reduction program,NO,0.3854166666666667,MISMATCH (similarity: 0.39),YES,YES,YES,YES,YES,YES,YES,NO,INCLUDE,INCLUDE,True
121294975,Assessing the Impact of Social Grants on Household Welfare Using Propensity Score Matching Approach,Zwane Talent; Biyase Mduduzi; Rooderick September; ,2022,EXCLUDE - no graduation intervention,EXCLUDE_CLEAR,Definite exclusion: 1 key criteria are NO: Productive assets. Paper does not meet inclusion requirements.,Rule 1: Key NO → EXCLUDE_CLEAR,AGREE,53.38908267021179,anthropic/claude-3.5-sonnet,openai/gpt-4o-2024-11-20,The impact of social grants on rural household welfare in South Africa,PARTIAL,0.7100591715976331,MATCH_MEDIUM (similarity: 0.71),YES,YES,NO,YES,YES,YES,NO,NO,EXCLUDE,EXCLUDE,True
121378216,Impact evaluation report of Egypt’s Forsa Graduation Program,Allen IV; James; Gilligan Daniel O; Kurdi Sikandra; Shokry Nada; Yassa Basma; ,2023,INCLUDE - IE of grad programme,INCLUDE_LIKELY,"Known graduation program from curated list verified via Stage 1.5. Per policy, override to INCLUDE (conservative: INCLUDE_LIKELY).",Rule 0: Curated program match (Stage 1.5) → INCLUDE_LIKELY,AGREE,43.799381494522095,anthropic/claude-3.5-sonnet,openai/gpt-4o-2024-11-20,Messaging Experiment for Forsa Poverty Graduation Program,NO,0.5299145299145299,MISMATCH (similarity: 0.53),UNCLEAR,UNCLEAR,UNCLEAR,UNCLEAR,UNCLEAR,UNCLEAR,NO,NO,INCLUDE,INCLUDE,True
121058372,Labor Markets And Poverty In Village Economies,Bandiera Oriana; Burgess Robin; Das Narayan; Gulesci Selim; Rasul Imran; Sulaiman Munshi; ,2017,INCLUDE - IE of grad programme,CONFLICT,"DECISION CONFLICT: Engines reach different conclusions. Engine 1 (Engine1_Interpretation) → INCLUDE, Engine 2 (Engine2_Interpretation) → EXCLUDE. Requires human resolution to determine correct inclusion decision.",Rule C: Decision conflict → CONFLICT,CONFLICT,72.51469683647156,anthropic/claude-3.5-sonnet,openai/gpt-4o-2024-11-20,Labor Markets and Poverty in Village Economies,YES,1.0,MATCH_HIGH,UNCLEAR,UNCLEAR,UNCLEAR,UNCLEAR,UNCLEAR,UNCLEAR,YES,YES,INCLUDE,MAYBE,False
121295095,Tackling Psychosocial and Capital Constraints to Alleviate Poverty,Bossuroy Thomas; Goldstein Markus; Karimou Bassirou; Dean Karlan; Harounan Kazianga; William Parienté; Patrick Premand; Catherine C Thomas; Christopher Udry; Julia Vaillant; Kelsey A Wright; ,2022,INCLUDE - IE of grad programme,MAYBE_UNCERTAIN,"Partial inclusion: 5 YES, 2 UNCLEAR, 0 NO. Paper may meet requirements but has uncertainty. Needs human review.",Rule 5: YES + UNCLEAR + 0 NO → MAYBE_UNCERTAIN,CONFLICT,51.55896782875061,anthropic/claude-3.5-sonnet,openai/gpt-4o-2024-11-20,,NO_EXTRACTION,0.0,ERROR: No title extracted from full-text,UNCLEAR,YES,YES,YES,YES,YES,NO,NO,INCLUDE,MAYBE,False
121322794,Targeted intervention for the ultra poor in rural Bangladesh: does it make any difference in their health-seeking behaviour?,Ahmed S M; Petzold M; Kabir Z N; Tomson G; ,2006,INCLUDE - IE of grad programme,INCLUDE_LIKELY,"Known graduation program from curated list verified via Stage 1.5. Per policy, override to INCLUDE (conservative: INCLUDE_LIKELY).",Rule 0: Curated program match (Stage 1.5) → INCLUDE_LIKELY,CONFLICT,50.99242854118347,anthropic/claude-3.5-sonnet,openai/gpt-4o-2024-11-20,"Challenging the frontiers of poverty reduction: targeting the ultra poor, targeting social constraints (CFPR/TUP)",NO,0.2869198312236287,MISMATCH (similarity: 0.29),UNCLEAR,UNCLEAR,UNCLEAR,UNCLEAR,UNCLEAR,UNCLEAR,YES,NO,INCLUDE,INCLUDE,True
121301166,"Impact of urban productive safety net programme on poverty reduction and food security: evidence from major cities of eastern Ethiopia (Dire Dawa, Harar and Jigjiga)",Abdulahi Salah Mohammed; Feyisa; Habtamu Legese; Ayen; Dereje Deg; ,2024,EXCLUDE - no graduation intervention,EXCLUDE_CLEAR,Definite exclusion: 1 key criteria are NO: Productive assets. Paper does not meet inclusion requirements.,Rule 1: Key NO → EXCLUDE_CLEAR,AGREE,47.39444327354431,anthropic/claude-3.5-sonnet,openai/gpt-4o-2024-11-20,Different social protection programs are designed in low-income countries to eradicate poverty and improve the food security of poor people,NO,0.39473684210526316,MISMATCH (similarity: 0.39),YES,YES,NO,YES,YES,YES,NO,NO,EXCLUDE,EXCLUDE,True
121301666,Can smallholder extension transform African agriculture?,"Deutschmann Joshua W; Duru Maya Siegal, Kim, Tjernstrom, Emilia; ",2019,EXCLUDE - no graduation intervention,EXCLUDE_CLEAR,Definite exclusion: 1 key criteria are NO: Cash support. Paper does not meet inclusion requirements.,Rule 1: Key NO → EXCLUDE_CLEAR,CONFLICT,50.879814863204956,anthropic/claude-3.5-sonnet,openai/gpt-4o-2024-11-20,Agricultural productivity in Sub-Saharan Africa study,NO,0.1834862385321101,MISMATCH (similarity: 0.18),YES,NO,UNCLEAR,YES,YES,YES,NO,NO,EXCLUDE,EXCLUDE,True
121317800,An impact evaluation design for the Millennium Villages Project in Northern Ghana,"Masset E; Arnab Acharya Arnab Acharya, Barnett, C; Dogbe T; ",2013,EXCLUDE - no graduation intervention,EXCLUDE_CLEAR,"Definite exclusion: 2 key criteria are NO: Cash support, Productive assets. Paper does not meet inclusion requirements.",Rule 1: Key NO → EXCLUDE_CLEAR,AGREE,54.68162679672241,anthropic/claude-3.5-sonnet,openai/gpt-4o-2024-11-20,Design of an impact evaluation of the Millennium Villages Project in Northern Ghana,YES,0.8780487804878049,MATCH_HIGH,YES,NO,NO,YES,YES,NO,YES,YES,EXCLUDE,EXCLUDE,True
121314164,Coastal livelihood diversification as a pathway out of poverty and vulnerability: experiences from Tanzania,Torell E; McNally C; Crawford B; Majubwa G; ,2017,EXCLUDE - no graduation intervention,EXCLUDE_CLEAR,Definite exclusion: 1 key criteria are NO: Cash support. Paper does not meet inclusion requirements.,Rule 1: Key NO → EXCLUDE_CLEAR,AGREE,52.91144943237305,anthropic/claude-3.5-sonnet,openai/gpt-4o-2024-11-20,Livelihood diversification can increase the number of activities generating income and is often adopted as a means to reduce vulnerability to risk and provide a pathway out of poverty,NO,0.3724137931034483,MISMATCH (similarity: 0.37),YES,NO,YES,YES,YES,YES,YES,NO,EXCLUDE,EXCLUDE,True
121310903,Assessing the effects of an asset-building program in resource-constrained households: The case of Sub-Saharan Africa,Lombe Margaret Newransky; Chrisann; Safadi; Najwa S; ,2014,EXCLUDE - no graduation intervention,EXCLUDE_CLEAR,"Definite exclusion: 2 key criteria are NO: Cash support, Productive assets. Paper does not meet inclusion requirements.",Rule 1: Key NO → EXCLUDE_CLEAR,CONFLICT,46.69925618171692,anthropic/claude-3.5-sonnet,openai/gpt-4o-2024-11-20,Effects of an Asset-Building Program in Rural Ghana,NO,0.5714285714285714,MISMATCH (similarity: 0.57),YES,NO,NO,UNCLEAR,YES,YES,NO,NO,EXCLUDE,EXCLUDE,True
121317464,Reducing poverty by employing young women: Hathay Bunano's scalable model for rural production in Bangladesh (Innovations case narrative: Hathay Bunano),McKague K; Morshed S; Habibur Rahman Habibur Rahman; ,2013,EXCLUDE - no graduation intervention,EXCLUDE_CLEAR,"Definite exclusion: 2 key criteria are NO: Cash support, Productive assets. Paper does not meet inclusion requirements.",Rule 1: Key NO → EXCLUDE_CLEAR,PARTIAL,77.97826385498047,anthropic/claude-3.5-sonnet,openai/gpt-4o-2024-11-20,"ERROR: Expecting ',' delimiter: line 48 column 47 (char 1507)",NO,0.15023474178403756,MISMATCH (similarity: 0.15),YES,NO,NO,UNCLEAR,YES,NO,NO,NO,EXCLUDE,EXCLUDE,True
121316303,Effects of Pronaf on rural poverty in Brazil (2001-2009),Batista H R; Neder H D; Niederle P A; Fialho M A. V; Conterato M A; ,2014,EXCLUDE - no graduation intervention,EXCLUDE_CLEAR,"Definite exclusion: 2 key criteria are NO: Cash support, Productive assets. Paper does not meet inclusion requirements.",Rule 1: Key NO → EXCLUDE_CLEAR,AGREE,49.11427688598633,anthropic/claude-3.5-sonnet,openai/gpt-4o-2024-11-20,Análise dos efeitos do Programa Nacional de Fortalecimento da Agricultura Familiar (Pronaf) sobre a pobreza rural no Brasil,NO,0.3463687150837989,MISMATCH (similarity: 0.35),YES,NO,NO,YES,YES,YES,NO,NO,EXCLUDE,EXCLUDE,True
121354173,"The impact of rural livelihood diversification on household poverty: evidence from Jimma zone, Oromia national regional state, Southwest Ethiopia",Abebe Tsehaynesh Chalchisa; Tamiru; Eneyew; Adugna; ,2021,EXCLUDE - no graduation intervention,EXCLUDE_CLEAR,"Definite exclusion: 3 key criteria are NO: Cash support, Productive assets, Study design. Paper does not meet inclusion requirements.",Rule 1: Key NO → EXCLUDE_CLEAR,AGREE,42.12799072265625,anthropic/claude-3.5-sonnet,openai/gpt-4o-2024-11-20,"Impact of Livelihood Diversification on Household Poverty in Jimma Zone, Ethiopia",PARTIAL,0.7168141592920354,MATCH_MEDIUM (similarity: 0.72),YES,NO,NO,NO,YES,YES,NO,NO,EXCLUDE,EXCLUDE,True
121341929,Farmers' livelihood through 'one house one farm' approach in selected areas of Mymensingh district of Bangladesh,Uddin M T; Jannat A; ,2016,EXCLUDE - no graduation intervention,EXCLUDE_CLEAR,Definite exclusion: 1 key criteria are NO: Cash support. Paper does not meet inclusion requirements.,Rule 1: Key NO → EXCLUDE_CLEAR,CONFLICT,53.05650019645691,anthropic/claude-3.5-sonnet,openai/gpt-4o-2024-11-20,Impact of 'One House One Farm' Approach on Farmers' Livelihood Status in Selected Areas of Mymensingh District,NO,0.6486486486486487,MISMATCH (similarity: 0.65),YES,NO,UNCLEAR,YES,YES,YES,NO,NO,EXCLUDE,EXCLUDE,True
121364630,"The impact of the livelihoods and income fortification and socio-civic transformation project on the quality of life, wellbeing, self-esteem, and quality of neighbourhood social environment among the youth in slum areas of in Kampala, Uganda","Renzaho Andre M. N; Doh Daniel Mahumud, Rashidul A; Galukande Moses Kamara, Joseph K; ",2020,EXCLUDE - no social protection intervention,EXCLUDE_CLEAR,"Definite exclusion: 2 key criteria are NO: Cash support, Productive assets. Paper does not meet inclusion requirements.",Rule 1: Key NO → EXCLUDE_CLEAR,CONFLICT,54.73495435714722,anthropic/claude-3.5-sonnet,openai/gpt-4o-2024-11-20,Impact of the Urban Program on Livelihoods and Income Fortification and Socio-civic Transformation (UPLIFT) project on quality of life and psychological wellbeing of young people in Kampala slums,NO,0.6605504587155964,MISMATCH (similarity: 0.66),YES,NO,NO,UNCLEAR,YES,YES,YES,NO,EXCLUDE,EXCLUDE,True
121294728,"Impact of Conditional Cash Transfer on Households Food Security in Akwa Ibom State, Nigeria",Ibok Otu W; Okon Iniobong E; Akpan Oscar P; Isip Imefon F; ,2025,EXCLUDE - no graduation intervention,EXCLUDE_CLEAR,Definite exclusion: 1 key criteria are NO: Productive assets. Paper does not meet inclusion requirements.,Rule 1: Key NO → EXCLUDE_CLEAR,AGREE,57.507142066955566,anthropic/claude-3.5-sonnet,openai/gpt-4o-2024-11-20,The Nigerian government introduced the Household Upliftment Program (HUP) which is a conditional cash transfer scheme,NO,0.34615384615384615,MISMATCH (similarity: 0.35),YES,YES,NO,YES,YES,YES,NO,NO,EXCLUDE,EXCLUDE,True
121294727,The Effects of a Multifaceted Poverty Alleviation Program on Rural Income and Household Behavior in China,Li Rui; Song Hong; Zhang Jun; Zhang Junsen; ,2025,EXCLUDE - no graduation intervention,EXCLUDE_CLEAR,"Definite exclusion: 2 key criteria are NO: Cash support, Productive assets. Paper does not meet inclusion requirements.",Rule 1: Key NO → EXCLUDE_CLEAR,PARTIAL,53.20624613761902,anthropic/claude-3.5-sonnet,openai/gpt-4o-2024-11-20,,NO_EXTRACTION,0.0,ERROR: No title extracted from full-text,YES,NO,NO,YES,YES,YES,NO,NO,EXCLUDE,EXCLUDE,True
121294773,Evaluation of the Labor Impact of the National Program of Direct Support to the Poorest - JUNTOS in Peru,Arpasi-Lima Wilson S; Ticona-Campos Varanny N; Rodríguez Limachi; Omar M; Yapuchura-Saico Cristóbal R; Incacutipa-Limachi Duverly J; Ticona Carrizales; Lucio; ,2024,EXCLUDE - no graduation intervention,EXCLUDE_CLEAR,Definite exclusion: 1 key criteria are NO: Productive assets. Paper does not meet inclusion requirements.,Rule 1: Key NO → EXCLUDE_CLEAR,AGREE,44.23031568527222,anthropic/claude-3.5-sonnet,openai/gpt-4o-2024-11-20,Labor impact of the National Program of direct support to the poorest JUNTOS in Peru for the year 2021,PARTIAL,0.8155339805825242,MATCH_MEDIUM (similarity: 0.82),YES,YES,NO,YES,YES,YES,NO,NO,EXCLUDE,EXCLUDE,True
121336797,"Reaching the People Whom Microfinance Cannot Reach: Learning from BRAC's ""Targeting the Ultra Poor"" Programme","Hulme David Moore, Karen, Seraj, Kazi Faisal Bin; ",2011,EXCLUDE - not an IE,INCLUDE_LIKELY,"Known graduation program from curated list verified via Stage 1.5. Per policy, override to INCLUDE (conservative: INCLUDE_LIKELY).",Rule 0: Curated program match (Stage 1.5) → INCLUDE_LIKELY,CONFLICT,40.19728708267212,anthropic/claude-3.5-sonnet,openai/gpt-4o-2024-11-20,,NO_EXTRACTION,0.0,ERROR: No title extracted from full-text,UNCLEAR,UNCLEAR,UNCLEAR,UNCLEAR,UNCLEAR,UNCLEAR,NO,NO,EXCLUDE,INCLUDE,False
121378247,Can a light-touch graduation model enhance livelihood outcomes? Evidence from Ethiopia,Leight Jessica; Alderman Harold; Gilligan Daniel O; Hidrobo Melissa; Mulford Michael; ,2023,INCLUDE - IE of grad programme,INCLUDE_LIKELY,"Known graduation program from curated list verified via Stage 1.5. Per policy, override to INCLUDE (conservative: INCLUDE_LIKELY).",Rule 0: Curated program match (Stage 1.5) → INCLUDE_LIKELY,AGREE,47.777854442596436,anthropic/claude-3.5-sonnet,openai/gpt-4o-2024-11-20,Strengthen PSNP4 Institutions and Resilience (SPIR) Evaluation,NO,0.20270270270270271,MISMATCH (similarity: 0.20),UNCLEAR,UNCLEAR,UNCLEAR,UNCLEAR,UNCLEAR,UNCLEAR,YES,NO,INCLUDE,INCLUDE,True
121327105,"Grow the Pie, or Have It? Using Machine Learning to Impact Heterogeneity in the Ultra-Poor Graduation Model",Chowdhury Reajul Alam; Ceballos-Sierra; Federico; Sulaiman; Munshi; ,2024,INCLUDE - IE of grad programme,INCLUDE_CLEAR,"Clear inclusion: All 6 substantive criteria YES, engines in strong agreement (6/7 criteria agree). Paper clearly meets inclusion requirements.",Rule 2: All YES + AGREE → INCLUDE_CLEAR,AGREE,43.80327033996582,anthropic/claude-3.5-sonnet,openai/gpt-4o-2024-11-20,"Anti-poverty interventions often face a trade-off between immediate reduction in poverty, measured by consumption, and building assets for longer-term gains",NO,0.23574144486692014,MISMATCH (similarity: 0.24),YES,YES,YES,YES,YES,YES,NO,YES,INCLUDE,INCLUDE,True
121378217,Impact evaluation report: Egypt’s Forsa graduation program,Gilligan Daniel O; Kurdi Sikandra; Tabe-Ojong Martin Paul; Yassa Basma; ,2022,INCLUDE - IE of grad programme,INCLUDE_LIKELY,"Known graduation program from curated list verified via Stage 1.5. Per policy, override to INCLUDE (conservative: INCLUDE_LIKELY).",Rule 0: Curated program match (Stage 1.5) → INCLUDE_LIKELY,AGREE,66.62286186218262,anthropic/claude-3.5-sonnet,openai/gpt-4o-2024-11-20,,NO_EXTRACTION,0.0,ERROR: No title extracted from full-text,UNCLEAR,UNCLEAR,UNCLEAR,UNCLEAR,UNCLEAR,UNCLEAR,NO,NO,INCLUDE,INCLUDE,True
121378213,Including scalable nutrition interventions in a graduation model program: Experimental evidence from Ethiopia,Alderman Harold; Gilligan Daniel O; Leight Jessica; Mamo Tigist; Mulford Michael; Tambet Heleene; ,2023,INCLUDE - IE of grad programme,INCLUDE_LIKELY,"Known graduation program from curated list verified via Stage 1.5. Per policy, override to INCLUDE (conservative: INCLUDE_LIKELY).",Rule 0: Curated program match (Stage 1.5) → INCLUDE_LIKELY,AGREE,41.712507247924805,anthropic/claude-3.5-sonnet,openai/gpt-4o-2024-11-20,Strengthening PSNP4 Institutions and Resilience (SPIR) Impact Evaluation,NO,0.32044198895027626,MISMATCH (similarity: 0.32),UNCLEAR,UNCLEAR,UNCLEAR,UNCLEAR,UNCLEAR,UNCLEAR,NO,NO,INCLUDE,INCLUDE,True
121340926,Evaluation of health impacts of a disability-inclusive graduation programme among ultra-poor people with disabilities in Uganda: secondary analysis of a cluster randomized trial,Chen Shanquan Banks; Lena Morgon; Kipchumba; Elijah; Davey; Calu; ,2025,INCLUDE - IE of grad programme,INCLUDE_LIKELY,"Known graduation program from curated list verified via Stage 1.5. Per policy, override to INCLUDE (conservative: INCLUDE_LIKELY).",Rule 0: Curated program match (Stage 1.5) → INCLUDE_LIKELY,AGREE,41.93594145774841,anthropic/claude-3.5-sonnet,openai/gpt-4o-2024-11-20,Effectiveness of a disability-inclusive graduation programme on health outcomes among ultra-poor people with disabilities in Uganda: a cluster-randomised controlled trial,PARTIAL,0.7550432276657061,MATCH_MEDIUM (similarity: 0.76),UNCLEAR,UNCLEAR,UNCLEAR,UNCLEAR,UNCLEAR,UNCLEAR,NO,YES,INCLUDE,INCLUDE,True
121336926,How Much Can Asset Transfers Help the Poorest? Evaluating the Results of BRAC's Ultra-poor Programme (2002-2008),Krishna Anirudh Poghosyan; Meri; Das; Narayan; ,2012,INCLUDE - IE of grad programme,INCLUDE_CLEAR,"Clear inclusion: All 6 substantive criteria YES, engines in strong agreement (6/7 criteria agree). Paper clearly meets inclusion requirements.",Rule 2: All YES + AGREE → INCLUDE_CLEAR,AGREE,61.859691858291626,anthropic/claude-3.5-sonnet,openai/gpt-4o-2024-11-20,How Much Can Asset Transfers Help the Poorest?,NO,0.5822784810126582,MISMATCH (similarity: 0.58),YES,YES,YES,YES,YES,YES,YES,NO,INCLUDE,INCLUDE,True
121347787,The impact of livestock asset transfers on the livelihoods of the ultra-poor,Das Narayan Kamruzzaman; Md; Ahmed; Md Shakil; ,2022,INCLUDE - IE of grad programme,INCLUDE_LIKELY,"Known graduation program from curated list verified via Stage 1.5. Per policy, override to INCLUDE (conservative: INCLUDE_LIKELY).",Rule 0: Curated program match (Stage 1.5) → INCLUDE_LIKELY,AGREE,41.63767695426941,anthropic/claude-3.5-sonnet,openai/gpt-4o-2024-11-20,"Livestock Asset Transfers and the Livelihoods of the Ultra-poor in West Bengal, India",PARTIAL,0.7577639751552795,MATCH_MEDIUM (similarity: 0.76),UNCLEAR,UNCLEAR,UNCLEAR,UNCLEAR,UNCLEAR,UNCLEAR,NO,NO,INCLUDE,INCLUDE,True
121351060,Impact of a livelihood promotion program on income generation and food consumption among ultra-poor households in rural Bangladesh,Volpenhein Paige Kim; Hee Sun; Kim; Yunjeong; Hussein; Md Iqbal; Bi; ,2022,EXCLUDE - no graduation intervention,EXCLUDE_CLEAR,Definite exclusion: 1 key criteria are NO: Cash support. Paper does not meet inclusion requirements.,Rule 1: Key NO → EXCLUDE_CLEAR,CONFLICT,59.11557579040527,anthropic/claude-3.5-sonnet,openai/gpt-4o-2024-11-20,Impact of a graduation approach program on livelihood promotion and economic development in Bangladesh: A one-year longitudinal study,NO,0.43346007604562736,MISMATCH (similarity: 0.43),YES,NO,YES,UNCLEAR,YES,YES,NO,NO,EXCLUDE,EXCLUDE,True
121315736,Food insecurity mediates the effect of a poverty-alleviation program on psychosocial health among the ultra-poor in Bangladesh,Jalal C S. B; Frongillo E A; Warren A M; ,2015,INCLUDE - IE of grad programme,INCLUDE_LIKELY,"Known graduation program from curated list verified via Stage 1.5. Per policy, override to INCLUDE (conservative: INCLUDE_LIKELY).",Rule 0: Curated program match (Stage 1.5) → INCLUDE_LIKELY,AGREE,54.08692789077759,anthropic/claude-3.5-sonnet,openai/gpt-4o-2024-11-20,Food insecurity as a mediator of the relationship between a poverty alleviation program and psychosocial health in Bangladesh,PARTIAL,0.7569721115537849,MATCH_MEDIUM (similarity: 0.76),UNCLEAR,UNCLEAR,UNCLEAR,UNCLEAR,UNCLEAR,UNCLEAR,YES,NO,INCLUDE,INCLUDE,True
121430610,"Endline Report of the Resilience Food Security Activity Graduating to Resilience in Uganda, Cohort 1",,    ,INCLUDE - IE of grad programme,INCLUDE_LIKELY,"Known graduation program from curated list verified via Stage 1.5. Per policy, override to INCLUDE (conservative: INCLUDE_LIKELY).",Rule 0: Curated program match (Stage 1.5) → INCLUDE_LIKELY,AGREE,52.114524364471436,anthropic/claude-3.5-sonnet,openai/gpt-4o-2024-11-20,Graduating to Resilience RFSA Evaluation,NO,0.38571428571428573,MISMATCH (similarity: 0.39),UNCLEAR,UNCLEAR,UNCLEAR,UNCLEAR,UNCLEAR,UNCLEAR,NO,YES,INCLUDE,INCLUDE,True
121378527,The Effects of a Light-Touch Graduation Model on Livelihoods Outcomes: Evidence from Ethiopia,Alderman Harold; Gilligan Daniel O; Hidrobo Melissa; Leight Jessica; Mulford Michael; Tambet Heleene; ,2023,INCLUDE - IE of grad programme,INCLUDE_LIKELY,"Known graduation program from curated list verified via Stage 1.5. Per policy, override to INCLUDE (conservative: INCLUDE_LIKELY).",Rule 0: Curated program match (Stage 1.5) → INCLUDE_LIKELY,AGREE,49.36249899864197,anthropic/claude-3.5-sonnet,openai/gpt-4o-2024-11-20,SPIR (Strengthen PSNP Institutions and Resilience) Graduation Program Evaluation,NO,0.3468208092485549,MISMATCH (similarity: 0.35),UNCLEAR,UNCLEAR,UNCLEAR,UNCLEAR,UNCLEAR,UNCLEAR,NO,NO,INCLUDE,INCLUDE,True
121378502,SPIR Impact Evaluation Midline Webinar,Mulford Michael; Gilligan Daniel O; Tambet Heleene; Leight Jessica; Alderman Harold; Hidrobo Melissa; ,2020,INCLUDE - IE of grad programme,EXCLUDE_CLEAR,"Definite exclusion: 2 key criteria are NO: Cash support, Productive assets. Paper does not meet inclusion requirements.",Rule 1: Key NO → EXCLUDE_CLEAR,CONFLICT,55.6888484954834,anthropic/claude-3.5-sonnet,openai/gpt-4o-2024-11-20,ERROR: Expecting value: line 1 column 1 (char 0),NO,0.3953488372093023,MISMATCH (similarity: 0.40),UNCLEAR,NO,NO,UNCLEAR,YES,NO,NO,NO,INCLUDE,EXCLUDE,False
121364115,Research on the promotion of poverty alleviation resources input to the distribution justice of poverty-stricken areas,Guan R; Wang Q; Yu J; ,2020,EXCLUDE - no graduation intervention,CONFLICT,"DECISION CONFLICT: Engines reach different conclusions. Engine 1 (Engine1_Interpretation) → INCLUDE, Engine 2 (Engine2_Interpretation) → EXCLUDE. Requires human resolution to determine correct inclusion decision.",Rule C: Decision conflict → CONFLICT,CONFLICT,57.3954496383667,anthropic/claude-3.5-sonnet,openai/gpt-4o-2024-11-20,Research on the promotion of poverty alleviation resources input to the distribution justice of poverty-stricken areas,YES,1.0,MATCH_HIGH,UNCLEAR,UNCLEAR,UNCLEAR,UNCLEAR,UNCLEAR,UNCLEAR,NO,NO,EXCLUDE,MAYBE,False
121362141,"Social protection and multidimensional poverty: Lessons from Ethiopia, India and Peru",Borga L G; D'Ambrosio C; ,2021,EXCLUDE - no graduation intervention,INCLUDE_CLEAR,"Clear inclusion: All 6 substantive criteria YES, engines in strong agreement (6/7 criteria agree). Paper clearly meets inclusion requirements.",Rule 2: All YES + AGREE → INCLUDE_CLEAR,AGREE,49.50192737579346,anthropic/claude-3.5-sonnet,openai/gpt-4o-2024-11-20,"We investigate the impact of three large-scale social-protection schemes in Ethiopia, India, and Peru on multidimensional poverty",NO,0.4205607476635514,MISMATCH (similarity: 0.42),YES,YES,YES,YES,YES,YES,NO,NO,EXCLUDE,INCLUDE,False
121360003,Financial inclusion and women’s economic empowerment: Evidence from Ethiopia,Adera A; Abdisa L T; ,2023,EXCLUDE - no social protection intervention,EXCLUDE_CLEAR,"Definite exclusion: 2 key criteria are NO: Cash support, Productive assets. Paper does not meet inclusion requirements.",Rule 1: Key NO → EXCLUDE_CLEAR,AGREE,41.28151226043701,anthropic/claude-3.5-sonnet,openai/gpt-4o-2024-11-20,The relationship between financial inclusion and women's economic empowerment in Ethiopia,PARTIAL,0.7636363636363637,MATCH_MEDIUM (similarity: 0.76),YES,NO,NO,YES,YES,YES,NO,NO,EXCLUDE,EXCLUDE,True
121359952,Effect of social protection programmes on household food security: a case of the Livelihood Empowerment Against Poverty (LEAP) programme in the Tolon District of Ghana,Akurugu S; Damba O T; Mohammed A R; ,2023,EXCLUDE - no graduation intervention,EXCLUDE_CLEAR,Definite exclusion: 1 key criteria are NO: Productive assets. Paper does not meet inclusion requirements.,Rule 1: Key NO → EXCLUDE_CLEAR,AGREE,48.62968635559082,anthropic/claude-3.5-sonnet,openai/gpt-4o-2024-11-20,Impact of Ghana's Livelihood Empowerment Against Poverty (LEAP) programme on household food security in the Tolon District of the Northern Region,NO,0.5833333333333334,MISMATCH (similarity: 0.58),YES,YES,NO,YES,YES,YES,NO,NO,EXCLUDE,EXCLUDE,True
121355522,Scalable Nutrition Interventions in a Graduation Model Program: Experimental Evidence from Ethiopia,Alderman H; Gilligan D O; Leight J; Mamo T; Mulford M; Tambet H; ,2025,INCLUDE - IE of grad programme,INCLUDE_LIKELY,"Known graduation program from curated list verified via Stage 1.5. Per policy, override to INCLUDE (conservative: INCLUDE_LIKELY).",Rule 0: Curated program match (Stage 1.5) → INCLUDE_LIKELY,AGREE,46.56568217277527,anthropic/claude-3.5-sonnet,openai/gpt-4o-2024-11-20,,NO_EXTRACTION,0.0,ERROR: No title extracted from full-text,UNCLEAR,UNCLEAR,UNCLEAR,UNCLEAR,UNCLEAR,UNCLEAR,NO,YES,INCLUDE,INCLUDE,True
121354269,Assessing the impact of Indonesian social safety net programmes on household welfare and poverty dynamics,Sumarto S; Suryahadi A; Widyanti W; ,2005,EXCLUDE - no graduation intervention,EXCLUDE_CLEAR,Definite exclusion: 1 key criteria are NO: Productive assets. Paper does not meet inclusion requirements.,Rule 1: Key NO → EXCLUDE_CLEAR,CONFLICT,50.45533084869385,anthropic/claude-3.5-sonnet,openai/gpt-4o-2024-11-20,Evaluating the Impact of Indonesian Social Safety Net Programmes on Household Welfare and Poverty,YES,0.900990099009901,MATCH_HIGH,YES,UNCLEAR,NO,YES,YES,YES,NO,NO,EXCLUDE,EXCLUDE,True
121295528,The Dynamic Electoral Returns of A Large Anti-Poverty Program,Zimmermann Laura; ,2020,EXCLUDE - no graduation intervention,EXCLUDE_CLEAR,Definite exclusion: 1 key criteria are NO: Productive assets. Paper does not meet inclusion requirements.,Rule 1: Key NO → EXCLUDE_CLEAR,CONFLICT,50.209877014160156,anthropic/claude-3.5-sonnet,openai/gpt-4o-2024-11-20,The Electoral Impact of Program Length: Evidence from India's Employment Guarantee,NO,0.36363636363636365,MISMATCH (similarity: 0.36),YES,YES,NO,UNCLEAR,YES,YES,YES,NO,EXCLUDE,EXCLUDE,True
121295533,Sensitivity Matters. Comparing the Use of Multiple Indicators and of a Multidimensional Poverty Index in the Evaluation of a Poverty Eradication Program,Masset Edoardo; García-Hombrados Jorge; ,2021,EXCLUDE - no graduation intervention,EXCLUDE_CLEAR,"Definite exclusion: 2 key criteria are NO: Cash support, Productive assets. Paper does not meet inclusion requirements.",Rule 1: Key NO → EXCLUDE_CLEAR,AGREE,55.775991439819336,anthropic/claude-3.5-sonnet,openai/gpt-4o-2024-11-20,Comparing methods for measuring outcomes in poverty eradication programmes,NO,0.4336283185840708,MISMATCH (similarity: 0.43),YES,NO,NO,YES,YES,YES,NO,NO,EXCLUDE,EXCLUDE,True
121295397,The effects of poverty reduction policy on health services utilization among the rural poor: a quasi-experimental study in central and western rural China,Zou Qi; He Xiaoqun; Li Zhong; Xu Wanchun; Zhang Liang; ,2019,EXCLUDE - no graduation intervention,EXCLUDE_CLEAR,Definite exclusion: 1 key criteria are NO: Productive assets. Paper does not meet inclusion requirements.,Rule 1: Key NO → EXCLUDE_CLEAR,AGREE,59.681296825408936,anthropic/claude-3.5-sonnet,openai/gpt-4o-2024-11-20,Effects of poverty reduction policy on health services utilization among the rural poor: a quasi-experimental study in central and western rural China,YES,0.9868421052631579,MATCH_HIGH,YES,YES,NO,YES,YES,YES,NO,NO,EXCLUDE,EXCLUDE,True
121295277,Cost-Benefit Analysis of the Cocoa Livelihoods Program in Sub-Saharan Africa,Tsiboe Francis; Nalley Lawton Lanier; Dixon Bruce L; Popp Jennie S; Luckstead Jeff; ,2015,EXCLUDE - no graduation intervention,EXCLUDE_CLEAR,"Definite exclusion: 2 key criteria are NO: Cash support, Productive assets. Paper does not meet inclusion requirements.",Rule 1: Key NO → EXCLUDE_CLEAR,AGREE,38.62272930145264,anthropic/claude-3.5-sonnet,openai/gpt-4o-2024-11-20,Measuring the Impact of the Cocoa Livelihood Program (CLPI) on Cocoa Producer Yields in West Africa,NO,0.5257142857142857,MISMATCH (similarity: 0.53),YES,NO,NO,YES,YES,YES,YES,NO,EXCLUDE,EXCLUDE,True
121295274,The Importance of Nutrition Education in Achieving Food Security and Adequate Nutrition of the Poor: Experimental Evidence from Bangladesh,TAUSEEF SALAUDDIN; ,2022,EXCLUDE - no graduation intervention,CONFLICT,"DECISION CONFLICT: Engines reach different conclusions. Engine 1 (Engine1_Interpretation) → EXCLUDE, Engine 2 (Engine2_Interpretation) → INCLUDE. Requires human resolution to determine correct inclusion decision.",Rule C: Decision conflict → CONFLICT,CONFLICT,49.68162798881531,anthropic/claude-3.5-sonnet,openai/gpt-4o-2024-11-20,Nutrition-sensitive social protection that enhances household resources and nutrition knowledge in rural Bangladesh,NO,0.3241106719367589,MISMATCH (similarity: 0.32),UNCLEAR,UNCLEAR,UNCLEAR,UNCLEAR,UNCLEAR,UNCLEAR,NO,NO,EXCLUDE,MAYBE,False
121295161,Uplifting the Ultra Poor through Transfer Program: Evidence from Bangladesh,Ara Jinnat; ,2021,INCLUDE - IE of grad programme,INCLUDE_LIKELY,"Known graduation program from curated list verified via Stage 1.5. Per policy, override to INCLUDE (conservative: INCLUDE_LIKELY).",Rule 0: Curated program match (Stage 1.5) → INCLUDE_LIKELY,PARTIAL,44.311410665512085,anthropic/claude-3.5-sonnet,openai/gpt-4o-2024-11-20,"Evaluating BRAC's Targeting the Ultra-Poor Program: Effects on Children's Time Allocation, Economic Preferences, and Women's Empowerment",NO,0.3981042654028436,MISMATCH (similarity: 0.40),UNCLEAR,UNCLEAR,UNCLEAR,UNCLEAR,UNCLEAR,UNCLEAR,NO,NO,INCLUDE,INCLUDE,True
121295212,The Impact of Asset Transfer on Livelihoods of the Ultra Poor in Bangladesh,Ahmed Akhter; Rabbani Mehnaz; Sulaiman Munshi; Das Narayan C; ,2009,INCLUDE - IE of grad programme,EXCLUDE_CLEAR,Definite exclusion: 1 key criteria are NO: Cash support. Paper does not meet inclusion requirements.,Rule 1: Key NO → EXCLUDE_CLEAR,CONFLICT,50.149447202682495,anthropic/claude-3.5-sonnet,openai/gpt-4o-2024-11-20,,NO_EXTRACTION,0.0,ERROR: No title extracted from full-text,YES,NO,UNCLEAR,YES,YES,YES,NO,NO,INCLUDE,EXCLUDE,False
121295172,The Returns to Cash and Microenterprise Support among the Ultra‐Poor: A Field Experiment.,Blattman C; ,2014,EXCLUDE - no graduation intervention,EXCLUDE_CLEAR,Definite exclusion: 1 key criteria are NO: Productive assets. Paper does not meet inclusion requirements.,Rule 1: Key NO → EXCLUDE_CLEAR,CONFLICT,71.83758282661438,anthropic/claude-3.5-sonnet,openai/gpt-4o-2024-11-20,Do the ultra-poor have high returns to capital?,NO,0.27941176470588236,MISMATCH (similarity: 0.28),UNCLEAR,UNCLEAR,NO,YES,YES,UNCLEAR,YES,YES,EXCLUDE,EXCLUDE,True
121295120,"Effects of Government-Implemented Cash Plus Model on Violence Experiences and Perpetration Among Adolescents in Tanzania, 2018-2019",Palermo Tia; Prencipe Leah; Kajula Lusajo; ,2021,INCLUDE - IE of grad programme,INCLUDE_LIKELY,"Known graduation program from curated list verified via Stage 1.5. Per policy, override to INCLUDE (conservative: INCLUDE_LIKELY).",Rule 0: Curated program match (Stage 1.5) → INCLUDE_LIKELY,CONFLICT,43.003748655319214,anthropic/claude-3.5-sonnet,openai/gpt-4o-2024-11-20,Impacts of a Government-Implemented Cash Plus Program on Violence Among Tanzanian Adolescents,NO,0.6339285714285714,MISMATCH (similarity: 0.63),UNCLEAR,UNCLEAR,UNCLEAR,UNCLEAR,UNCLEAR,UNCLEAR,YES,NO,INCLUDE,INCLUDE,True
121295066,Analysis on the Effect of the Targeted Poverty Alleviation Policy on Narrowing the Urban-Rural Income Gap: An Empirical Test Based on 124 Counties in Yunnan Province,Yang Ren Yi; Zhong Chang Biao; Yang Zi Sheng; Wu Qiu Ju; ,2022,EXCLUDE - no graduation intervention,EXCLUDE_CLEAR,"Definite exclusion: 2 key criteria are NO: Cash support, Productive assets. Paper does not meet inclusion requirements.",Rule 1: Key NO → EXCLUDE_CLEAR,AGREE,52.324981927871704,anthropic/claude-3.5-sonnet,openai/gpt-4o-2024-11-20,China's targeted poverty-alleviation policy and urban-rural income gap: Evidence from Yunnan Province,NO,0.631578947368421,MISMATCH (similarity: 0.63),YES,NO,NO,YES,YES,YES,NO,NO,EXCLUDE,EXCLUDE,True
121294956,Evidence on Graduation in Practice: Concern Worldwide’s Graduation Programme in Rwanda,Sabates Ricardo; Devereux Stephen; ,2015,INCLUDE - IE of grad programme,INCLUDE_CLEAR,"Clear inclusion: All 6 substantive criteria YES, engines in strong agreement (6/7 criteria agree). Paper clearly meets inclusion requirements.",Rule 2: All YES + AGREE → INCLUDE_CLEAR,AGREE,49.641905069351196,anthropic/claude-3.5-sonnet,openai/gpt-4o-2024-11-20,Examining graduation impacts of social protection programmes in Africa: Evidence from Rwanda's 'Enhancing the Productive Capacity of Extremely Poor People' project,NO,0.3614457831325301,MISMATCH (similarity: 0.36),YES,YES,YES,YES,YES,YES,YES,NO,INCLUDE,INCLUDE,True
121294841,"Niger, Resilience Learning in the Sahel",Premand Patrick; ,2024,INCLUDE - IE of grad programme,CONFLICT,"DECISION CONFLICT: Engines reach different conclusions. Engine 1 (Engine1_Interpretation) → INCLUDE, Engine 2 (Engine2_Interpretation) → EXCLUDE. Requires human resolution to determine correct inclusion decision.",Rule C: Decision conflict → CONFLICT,CONFLICT,50.1608521938324,anthropic/claude-3.5-sonnet,openai/gpt-4o-2024-11-20,Impact Evaluation of WFP's Integrated Resilience Programme in Niger,NO,0.41509433962264153,MISMATCH (similarity: 0.42),UNCLEAR,UNCLEAR,UNCLEAR,UNCLEAR,UNCLEAR,UNCLEAR,NO,NO,INCLUDE,MAYBE,False
121294830,Evaluation of a Disability-inclusive Ultra-poor Graduation Programme in Uganda: Study Protocol for a Cluster-randomised Controlled Trial with Process Evaluation,Kipchumba Elijah; Davey Calum; Marks Sarah; Mugeere Anthony; Chen Shanquan; Bannks Lena Morgon; Islam Kazi Eliza; Shakespeare Tom; Kuper Hannah; Sulaiman Munshi; ,2024,EXCLUDE - study design,INCLUDE_LIKELY,"Known graduation program from curated list verified via Stage 1.5. Per policy, override to INCLUDE (conservative: INCLUDE_LIKELY).",Rule 0: Curated program match (Stage 1.5) → INCLUDE_LIKELY,AGREE,38.37680649757385,anthropic/claude-3.5-sonnet,openai/gpt-4o-2024-11-20,Disability-Inclusive Graduation programme in Uganda: Study protocol for a cluster randomised controlled trial,PARTIAL,0.8029739776951673,MATCH_MEDIUM (similarity: 0.80),UNCLEAR,UNCLEAR,UNCLEAR,UNCLEAR,UNCLEAR,UNCLEAR,YES,NO,EXCLUDE,INCLUDE,False
121294794,Impact of Productive Social Safety Net on Households’ Vulnerability to Food Insecurity in Tanzania,Msuha Basil; Kissoly Luitfred D; ,2024,EXCLUDE - no graduation intervention,EXCLUDE_CLEAR,Definite exclusion: 1 key criteria are NO: Productive assets. Paper does not meet inclusion requirements.,Rule 1: Key NO → EXCLUDE_CLEAR,AGREE,46.56539797782898,anthropic/claude-3.5-sonnet,openai/gpt-4o-2024-11-20,Impact of productive social safety net on households' vulnerability to food insecurity in Tanzania,YES,0.9897959183673469,MATCH_HIGH,YES,YES,NO,YES,YES,YES,NO,NO,EXCLUDE,EXCLUDE,True
121294767,"The Millennium Villages Project: A Retrospective, Observational, Endline Evaluation",Mitchell Shira; Gelman Andrew; Ross Rebecca; Chen Joyce; Bari Sehrish; Huynh Uyen Kim; Harris Matthew W; Sachs Sonia Ehrlich; Stuart Elizabeth A; Feller Avi; Makela Susanna; Zaslavsky Alan M; Mcclellan Lucy; Ohemeng-Dapaah Seth; Namakula Patricia; Palm Cheryl A; Sachs Jeffrey D; ,2018,EXCLUDE - no graduation intervention,EXCLUDE_CLEAR,"Definite exclusion: 2 key criteria are NO: Cash support, Productive assets. Paper does not meet inclusion requirements.",Rule 1: Key NO → EXCLUDE_CLEAR,AGREE,59.382951498031616,anthropic/claude-3.5-sonnet,openai/gpt-4o-2024-11-20,"The Millennium Villages Project: a retrospective, observational, endline evaluation",YES,1.0,MATCH_HIGH,YES,NO,NO,YES,YES,YES,NO,NO,EXCLUDE,EXCLUDE,True
121294785,Social Safety Nets and Food Insecurity in MENA in the Time of COVID‑19,El-Shal Amira; Moustafa Eman; Rostom Nada; Abdelfattah Yasmine; ,2024,EXCLUDE - no graduation intervention,EXCLUDE_CLEAR,Definite exclusion: 1 key criteria are NO: Productive assets. Paper does not meet inclusion requirements.,Rule 1: Key NO → EXCLUDE_CLEAR,AGREE,54.992279052734375,anthropic/claude-3.5-sonnet,openai/gpt-4o-2024-11-20,The resilience of social protection systems in the Middle East and North Africa (MENA) region faced significant challenges due to COVID-19,NO,0.3557692307692308,MISMATCH (similarity: 0.36),YES,YES,NO,YES,YES,YES,YES,NO,EXCLUDE,EXCLUDE,True
121058373,A Multifaceted Program Causes Lasting Progress For The Very Poor: Evidence From Six Countries,Banerjee Abhijit; Duflo Esther; Goldberg Nathanael; Karlan Dean; Osei Robert Darko; Parienté William; Shapiro Jeremy; Thuysbaert Bram; Udry Christopher; Barker Nathan; Wright Kelsey; ,2015,INCLUDE - IE of grad programme,INCLUDE_CLEAR,"Clear inclusion: All 6 substantive criteria YES, engines in strong agreement (6/7 criteria agree). Paper clearly meets inclusion requirements.",Rule 2: All YES + AGREE → INCLUDE_CLEAR,AGREE,44.68708634376526,anthropic/claude-3.5-sonnet,openai/gpt-4o-2024-11-20,Working in six countries with an international consortium: Investigating the Graduation program,NO,0.22340425531914893,MISMATCH (similarity: 0.22),YES,YES,YES,YES,YES,YES,NO,NO,INCLUDE,INCLUDE,True
121058371,Graduation approach to poverty reduction in the humanitarian context: Evidence from Bangladesh,Rahman Atiya; Bhattacharjee Anindita; Nisat Rafia; Das Narayan; ,2023,INCLUDE - IE of grad programme,INCLUDE_LIKELY,"Known graduation program from curated list verified via Stage 1.5. Per policy, override to INCLUDE (conservative: INCLUDE_LIKELY).",Rule 0: Curated program match (Stage 1.5) → INCLUDE_LIKELY,CONFLICT,37.354002237319946,anthropic/claude-3.5-sonnet,openai/gpt-4o-2024-11-20,Effect of BRAC's Ultra-Poor Graduation Programme on Host Communities of Rohingya Refugees,NO,0.273224043715847,MISMATCH (similarity: 0.27),UNCLEAR,UNCLEAR,UNCLEAR,UNCLEAR,UNCLEAR,UNCLEAR,NO,NO,INCLUDE,INCLUDE,True
121058363,Can integrated social protection programmes affect social cohesion? Mixed-methods evidence from Malawi,Burchi Francesco; Roscioli Federico; ,2021,INCLUDE - IE of grad programme,INCLUDE_LIKELY,"Known graduation program from curated list verified via Stage 1.5. Per policy, override to INCLUDE (conservative: INCLUDE_LIKELY).",Rule 0: Curated program match (Stage 1.5) → INCLUDE_LIKELY,CONFLICT,45.990078926086426,anthropic/claude-3.5-sonnet,openai/gpt-4o-2024-11-20,"Through a sequential mixed-methods approach, the paper investigates the effects of the different components of the Tingathe Economic Empowerment Programme (TEEP) on social cohesion in Malawi",NO,0.3835616438356164,MISMATCH (similarity: 0.38),UNCLEAR,UNCLEAR,UNCLEAR,UNCLEAR,UNCLEAR,UNCLEAR,YES,NO,INCLUDE,INCLUDE,True
121058361,The Effects of Poultry and Unconditional Cash Transfers on Livelihoods Outcomes: Evidence from the SPIR midline Survey,Leight Jessica; Harold Alderman; Daniel Gilligan; Melissa Hidrobo; Heleene Tambet; ,2020,INCLUDE - IE of grad programme,INCLUDE_LIKELY,"Known graduation program from curated list verified via Stage 1.5. Per policy, override to INCLUDE (conservative: INCLUDE_LIKELY).",Rule 0: Curated program match (Stage 1.5) → INCLUDE_LIKELY,AGREE,41.42170071601868,anthropic/claude-3.5-sonnet,openai/gpt-4o-2024-11-20,SPIR LEARNING BRIEF,NO,0.13138686131386862,MISMATCH (similarity: 0.13),UNCLEAR,UNCLEAR,UNCLEAR,UNCLEAR,UNCLEAR,UNCLEAR,NO,NO,INCLUDE,INCLUDE,True
121058360,Do Ultra-poor Graduation Programs Build Resilience against Droughts? Evidence from Rural Ethiopia,Hirvonen Kalle; Gilligan Daniel; Leight Jessica; Tambet Heleene; Villa Victor; ,2023,INCLUDE - IE of grad programme,INCLUDE_LIKELY,"Known graduation program from curated list verified via Stage 1.5. Per policy, override to INCLUDE (conservative: INCLUDE_LIKELY).",Rule 0: Curated program match (Stage 1.5) → INCLUDE_LIKELY,AGREE,56.17698907852173,anthropic/claude-3.5-sonnet,openai/gpt-4o-2024-11-20,Building resilience against droughts: Evidence from a graduation model program in Ethiopia,NO,0.6417112299465241,MISMATCH (similarity: 0.64),UNCLEAR,UNCLEAR,UNCLEAR,UNCLEAR,UNCLEAR,UNCLEAR,NO,NO,INCLUDE,INCLUDE,True
121058352,Community Networks And Poverty Reduction Programmes: Evidence From Bangladesh,Bandiera Oriana; Burgess Robin; Gulesci Selim; Rasul Imran; ,2009,INCLUDE - IE of grad programme,INCLUDE_CLEAR,"Clear inclusion: All 6 substantive criteria YES, engines in strong agreement (6/7 criteria agree). Paper clearly meets inclusion requirements.",Rule 2: All YES + AGREE → INCLUDE_CLEAR,AGREE,50.13720989227295,anthropic/claude-3.5-sonnet,openai/gpt-4o-2024-11-20,Whether basic entrepreneurship can be inculcated amongst the poorest in society and serve as a route out of poverty,NO,0.1875,MISMATCH (similarity: 0.19),YES,YES,YES,YES,YES,YES,NO,NO,INCLUDE,INCLUDE,True
121058368,Graduation From Ultra Poverty In Ghana,Banerjee Abhijit; Karlan Dean; Osei Robert; Thuysbaert Bram; Udry Christopher; ,2017,INCLUDE - IE of grad programme,INCLUDE_LIKELY,"Known graduation program from curated list verified via Stage 1.5. Per policy, override to INCLUDE (conservative: INCLUDE_LIKELY).",Rule 0: Curated program match (Stage 1.5) → INCLUDE_LIKELY,AGREE,49.26262068748474,anthropic/claude-3.5-sonnet,openai/gpt-4o-2024-11-20,Graduation from Ultra Poverty (GUP) Program Evaluation in Ghana,PARTIAL,0.7524752475247525,MATCH_MEDIUM (similarity: 0.75),UNCLEAR,UNCLEAR,UNCLEAR,UNCLEAR,UNCLEAR,UNCLEAR,NO,YES,INCLUDE,INCLUDE,True
121058367,Impact Evaluation of the Strengthen PSNP4 Institutions and Resilience (SPIR) Development Food Security Activity (DFSA): Endline Report,Alderman Harold; Billings Lucy; Gilligan Daniel O; Hidrobo Melissa; Leight Jessica; Taffesse Alemayehu Seyoum; Tambet Heleene; ,2021,INCLUDE - IE of grad programme,INCLUDE_LIKELY,"Known graduation program from curated list verified via Stage 1.5. Per policy, override to INCLUDE (conservative: INCLUDE_LIKELY).",Rule 0: Curated program match (Stage 1.5) → INCLUDE_LIKELY,AGREE,42.70366835594177,anthropic/claude-3.5-sonnet,openai/gpt-4o-2024-11-20,SPIR Impact Evaluation Report,NO,0.294478527607362,MISMATCH (similarity: 0.29),UNCLEAR,UNCLEAR,UNCLEAR,UNCLEAR,UNCLEAR,UNCLEAR,NO,NO,INCLUDE,INCLUDE,True
121058364,The Graduation Approach for the Reduction of Extreme Poverty: Impact Evaluation of Sembrando Oportunidades Familia Por Familia in Paraguay,Maldonado Jorge H; León-Jurado Viviana; Gómez John; Rodríguez Daniel; Villa Laura; ,2019,INCLUDE - IE of grad programme,INCLUDE_LIKELY,"Known graduation program from curated list verified via Stage 1.5. Per policy, override to INCLUDE (conservative: INCLUDE_LIKELY).",Rule 0: Curated program match (Stage 1.5) → INCLUDE_LIKELY,AGREE,45.96010708808899,anthropic/claude-3.5-sonnet,openai/gpt-4o-2024-11-20,Evaluating the Impact of a Graduation Program in Paraguay,NO,0.3384615384615385,MISMATCH (similarity: 0.34),UNCLEAR,UNCLEAR,UNCLEAR,UNCLEAR,UNCLEAR,UNCLEAR,NO,NO,INCLUDE,INCLUDE,True
121058358,Failure Vs. Displacement: Why An Innovative Anti-Poverty Program Showed No Net Impact In South India,Bauchet Jonathan; Morduch Jonathan; Ravi Shamika; ,2015,INCLUDE - IE of grad programme,EXCLUDE_CLEAR,Definite exclusion: 1 key criteria are NO: Cash support. Paper does not meet inclusion requirements.,Rule 1: Key NO → EXCLUDE_CLEAR,AGREE,50.71963858604431,anthropic/claude-3.5-sonnet,openai/gpt-4o-2024-11-20,,NO_EXTRACTION,0.0,ERROR: No title extracted from full-text,YES,NO,YES,YES,YES,YES,NO,NO,INCLUDE,EXCLUDE,False
121344303,Do Poverty Reduction Programmes Foster Education Expenditure? New Evidence from Rwanda,Nkurunziza J; Broekhuis A; Hooimeijer P; ,2017,EXCLUDE - no graduation intervention,INCLUDE_CLEAR,"Clear inclusion: All 6 substantive criteria YES, engines in strong agreement (6/7 criteria agree). Paper clearly meets inclusion requirements.",Rule 2: All YES + AGREE → INCLUDE_CLEAR,AGREE,48.36720585823059,anthropic/claude-3.5-sonnet,openai/gpt-4o-2024-11-20,The contribution of poverty reduction programmes to education expenditure in Rwanda,PARTIAL,0.7455621301775148,MATCH_MEDIUM (similarity: 0.75),YES,YES,YES,YES,YES,YES,NO,NO,EXCLUDE,INCLUDE,False
121336028,"Assessing the Frontiers of Ultrapoverty Reduction: Evidence from Challenging the Frontiers of Poverty Reduction/Targeting the Ultra-poor, an Innovative Program in Bangladesh",Emran M Shahe; Robano; Virginia; Smith; Stephen C; ,2014,INCLUDE - IE of grad programme,INCLUDE_LIKELY,"Known graduation program from curated list verified via Stage 1.5. Per policy, override to INCLUDE (conservative: INCLUDE_LIKELY).",Rule 0: Curated program match (Stage 1.5) → INCLUDE_LIKELY,CONFLICT,47.537644147872925,anthropic/claude-3.5-sonnet,openai/gpt-4o-2024-11-20,,NO_EXTRACTION,0.0,ERROR: No title extracted from full-text,UNCLEAR,UNCLEAR,UNCLEAR,UNCLEAR,UNCLEAR,UNCLEAR,YES,NO,INCLUDE,INCLUDE,True
121332971,The Wider Impacts of BRAC Poverty Alleviation Programme in Bangladesh,Chowdhury A Mushtaque R; Bhuiya Abbas; ,2004,EXCLUDE - no graduation intervention,EXCLUDE_CLEAR,"Definite exclusion: 3 key criteria are NO: Cash support, Productive assets, Study design. Paper does not meet inclusion requirements.",Rule 1: Key NO → EXCLUDE_CLEAR,AGREE,50.85288858413696,anthropic/claude-3.5-sonnet,openai/gpt-4o-2024-11-20,Impact of poverty alleviation programme of BRAC on human well-being in Bangladesh,PARTIAL,0.7066666666666667,MATCH_MEDIUM (similarity: 0.71),YES,NO,NO,NO,YES,YES,NO,NO,EXCLUDE,EXCLUDE,True
121330141,Enabling Graduation for Whom? Identifying and Explaining Heterogeneity in Livelihood Trajectories Post-cash Transfer Exposure,Sabates-Wheeler Rachel Sabates; Ricardo; Devereux; Stephen; ,2018,INCLUDE - IE of grad programme,EXCLUDE_CLEAR,Definite exclusion: 1 key criteria are NO: Productive assets. Paper does not meet inclusion requirements.,Rule 1: Key NO → EXCLUDE_CLEAR,CONFLICT,43.98158597946167,anthropic/claude-3.5-sonnet,openai/gpt-4o-2024-11-20,Enabling graduation for whom? Identifying and explaining heterogeneity in livelihood trajectories post-cash transfer exposure,YES,1.0,MATCH_HIGH,YES,YES,NO,UNCLEAR,YES,YES,NO,NO,INCLUDE,EXCLUDE,False
121330079,Money and the Message: The Role of Training and Coaching in Graduation Programming,Roelen Keetie Devereux; Stephen; ,2019,INCLUDE - IE of grad programme,INCLUDE_LIKELY,"Known graduation program from curated list verified via Stage 1.5. Per policy, override to INCLUDE (conservative: INCLUDE_LIKELY).",Rule 0: Curated program match (Stage 1.5) → INCLUDE_LIKELY,AGREE,42.57066035270691,anthropic/claude-3.5-sonnet,openai/gpt-4o-2024-11-20,The role of training and coaching in graduation programming,PARTIAL,0.8368794326241135,MATCH_MEDIUM (similarity: 0.84),UNCLEAR,UNCLEAR,UNCLEAR,UNCLEAR,UNCLEAR,UNCLEAR,YES,YES,INCLUDE,INCLUDE,True
121329948,Graduation from Poverty and Deprivation: Reflections from an Intervention in the Graduation Model,Abdul Azeez E. P; Subramania Siva P; ,2019,INCLUDE - IE of grad programme,EXCLUDE_CLEAR,Definite exclusion: 1 key criteria are NO: Cash support. Paper does not meet inclusion requirements.,Rule 1: Key NO → EXCLUDE_CLEAR,AGREE,54.8150098323822,anthropic/claude-3.5-sonnet,openai/gpt-4o-2024-11-20,Graduation model intervention and its effects on poverty alleviation: Evidence from India,NO,0.17204301075268819,MISMATCH (similarity: 0.17),YES,NO,YES,YES,YES,YES,YES,NO,INCLUDE,EXCLUDE,False
121329688,Designing Anti-poverty Programs in Emerging Economies in the 21st Century: Lessons from Indonesia for the World,Olken Benjamin A; ,2019,EXCLUDE - no social protection intervention,EXCLUDE_CLEAR,Definite exclusion: 1 key criteria are NO: Productive assets. Paper does not meet inclusion requirements.,Rule 1: Key NO → EXCLUDE_CLEAR,CONFLICT,57.03972268104553,anthropic/claude-3.5-sonnet,openai/gpt-4o-2024-11-20,"Targeting, Implementation and Evaluation of Social Protection Programs: Evidence from Indonesia",NO,0.4174757281553398,MISMATCH (similarity: 0.42),YES,YES,NO,UNCLEAR,YES,YES,NO,NO,EXCLUDE,EXCLUDE,True
121328912,The Impact of Cash Transfers on Women's Empowerment: The Case of the Tanzania Social Action Fund,Kinyondo Abel Alfred; Magashi; Joseph; ,2019,EXCLUDE - no graduation intervention,INCLUDE_LIKELY,"Known graduation program from curated list verified via Stage 1.5. Per policy, override to INCLUDE (conservative: INCLUDE_LIKELY).",Rule 0: Curated program match (Stage 1.5) → INCLUDE_LIKELY,AGREE,45.494346141815186,anthropic/claude-3.5-sonnet,openai/gpt-4o-2024-11-20,Social cash transfer (CT) programs and women's empowerment: Evidence from Tanzania,NO,0.5955056179775281,MISMATCH (similarity: 0.60),UNCLEAR,UNCLEAR,UNCLEAR,UNCLEAR,UNCLEAR,UNCLEAR,YES,NO,EXCLUDE,INCLUDE,False
121328435,Public Works Programs and Crime: Evidence for El Salvador,Acosta Pablo Monsalve Montiel; Emma; ,2021,EXCLUDE - no graduation intervention,EXCLUDE_CLEAR,Definite exclusion: 1 key criteria are NO: Productive assets. Paper does not meet inclusion requirements.,Rule 1: Key NO → EXCLUDE_CLEAR,AGREE,44.205597162246704,anthropic/claude-3.5-sonnet,openai/gpt-4o-2024-11-20,Effects of a Public Works Program on Crime Rates in El Salvador,PARTIAL,0.7333333333333333,MATCH_MEDIUM (similarity: 0.73),YES,YES,NO,YES,YES,YES,NO,NO,EXCLUDE,EXCLUDE,True
121328034,Subjective Well-Being and Domestic Violence among Ultra-poor Women in Rural Bangladesh: Findings from a Multifaceted Poverty Alleviation Program,Jalal Chowdhury S. B; Frongillo Edward A; Warren Andrea M; Kulkarni Shibani; ,2022,INCLUDE - IE of grad programme,INCLUDE_LIKELY,"Known graduation program from curated list verified via Stage 1.5. Per policy, override to INCLUDE (conservative: INCLUDE_LIKELY).",Rule 0: Curated program match (Stage 1.5) → INCLUDE_LIKELY,AGREE,49.309616565704346,anthropic/claude-3.5-sonnet,openai/gpt-4o-2024-11-20,Challenging the Frontiers of Poverty Reduction-Targeting the Ultra-Poor (CFPR-TUP) program evaluation,NO,0.32653061224489793,MISMATCH (similarity: 0.33),UNCLEAR,UNCLEAR,UNCLEAR,UNCLEAR,UNCLEAR,UNCLEAR,YES,NO,INCLUDE,INCLUDE,True
121328986,Pathways to Stronger Futures? The Role of Social Protection in Reducing Psychological Risk Factors for Child Development in Haiti,Roelen Keetie Saha; Amrita; ,2021,INCLUDE - IE of grad programme,INCLUDE_CLEAR,"Clear inclusion: All 6 substantive criteria YES, engines in strong agreement (6/7 criteria agree). Paper clearly meets inclusion requirements.",Rule 2: All YES + AGREE → INCLUDE_CLEAR,AGREE,66.82335996627808,anthropic/claude-3.5-sonnet,openai/gpt-4o-2024-11-20,Effects of a graduation program on psychosocial factors underpinning early childhood development in Haiti,NO,0.5384615384615384,MISMATCH (similarity: 0.54),YES,YES,YES,YES,YES,YES,YES,NO,INCLUDE,INCLUDE,True
121328927,A Summative Evaluation of Jordan's Poverty Reduction Strategy (PRS) 2013-2020: Case-in-Point in Socioeconomic Policy,Hummour Anan M. Abu; ,2020,EXCLUDE - no graduation intervention,EXCLUDE_CLEAR,Definite exclusion: 1 key criteria are NO: Study design. Paper does not meet inclusion requirements.,Rule 1: Key NO → EXCLUDE_CLEAR,CONFLICT,50.797093629837036,anthropic/claude-3.5-sonnet,openai/gpt-4o-2024-11-20,Evaluating Jordan's Poverty Reduction Strategy (PRS) from 2012 to 2020,NO,0.6344086021505376,MISMATCH (similarity: 0.63),YES,UNCLEAR,UNCLEAR,NO,YES,YES,NO,NO,EXCLUDE,EXCLUDE,True
121326700,"Sustainable Poverty Reduction through Social Assistance: Modality, Context, and Complementary Programming in Bangladesh",Ahmed Akhter Hidrobo; Melissa; Hoddinott; John; Kolt; Bastien; ,2025,EXCLUDE - no graduation intervention,CONFLICT,"DECISION CONFLICT: Engines reach different conclusions. Engine 1 (Engine1_Interpretation) → EXCLUDE, Engine 2 (Engine2_Interpretation) → MAYBE. Requires human resolution to determine correct inclusion decision.",Rule C: Decision conflict → CONFLICT,CONFLICT,45.18649959564209,anthropic/claude-3.5-sonnet,openai/gpt-4o-2024-11-20,,NO_EXTRACTION,0.0,ERROR: No title extracted from full-text,UNCLEAR,UNCLEAR,UNCLEAR,UNCLEAR,UNCLEAR,UNCLEAR,NO,NO,EXCLUDE,MAYBE,False
121327243,Implementation of Graduation Programs for Alleviating Rural Poverty: An Impact Analysis in Paraguay,"Maldonado Jorge H; Gomez-Mahecha John Leon-Jurado, Viviana, Villa, Laura, Rodriguez, Dan; ",2024,INCLUDE - IE of grad programme,INCLUDE_LIKELY,"Known graduation program from curated list verified via Stage 1.5. Per policy, override to INCLUDE (conservative: INCLUDE_LIKELY).",Rule 0: Curated program match (Stage 1.5) → INCLUDE_LIKELY,AGREE,48.78602647781372,anthropic/claude-3.5-sonnet,openai/gpt-4o-2024-11-20,Evaluation of Sembrando Oportunidades Familia por Familia (SOF) program in Paraguay,NO,0.4065934065934066,MISMATCH (similarity: 0.41),UNCLEAR,UNCLEAR,UNCLEAR,UNCLEAR,UNCLEAR,UNCLEAR,NO,NO,INCLUDE,INCLUDE,True
121326626,Heterogeneity in Effects of Poverty-Alleviating Interventions,Garlick Robert Walker; John; Orkin; Kate; ,2025,EXCLUDE - no graduation intervention,EXCLUDE_CLEAR,"Definite exclusion: 2 key criteria are NO: Cash support, Productive assets. Paper does not meet inclusion requirements.",Rule 1: Key NO → EXCLUDE_CLEAR,PARTIAL,60.081257820129395,anthropic/claude-3.5-sonnet,openai/gpt-4o-2024-11-20,ERROR: Expecting value: line 1 column 1 (char 0),NO,0.29357798165137616,MISMATCH (similarity: 0.29),UNCLEAR,NO,NO,UNCLEAR,YES,NO,NO,NO,EXCLUDE,EXCLUDE,True
121317514,Effect of poverty reduction program on nutritional status of the extreme poor in Bangladesh,Jalal C S. B; Frongillo E A; ,2013,INCLUDE - IE of grad programme,INCLUDE_LIKELY,"Known graduation program from curated list verified via Stage 1.5. Per policy, override to INCLUDE (conservative: INCLUDE_LIKELY).",Rule 0: Curated program match (Stage 1.5) → INCLUDE_LIKELY,PARTIAL,43.41345977783203,anthropic/claude-3.5-sonnet,openai/gpt-4o-2024-11-20,Challenging the Frontiers of Poverty Reduction-Targeting Ultra Poor (CFPR-TUP),NO,0.3905325443786982,MISMATCH (similarity: 0.39),UNCLEAR,UNCLEAR,UNCLEAR,UNCLEAR,UNCLEAR,UNCLEAR,NO,YES,INCLUDE,INCLUDE,True
121311780,Effects of BRAC's poverty reduction program targeting the ultra-poor in rural Bangladesh,Jalal Chowdhury Sufi Bhakta; ,2009,INCLUDE - IE of grad programme,INCLUDE_LIKELY,"Known graduation program from curated list verified via Stage 1.5. Per policy, override to INCLUDE (conservative: INCLUDE_LIKELY).",Rule 0: Curated program match (Stage 1.5) → INCLUDE_LIKELY,AGREE,61.70891070365906,anthropic/claude-3.5-sonnet,openai/gpt-4o-2024-11-20,Challenging the Frontiers of Poverty Reduction/Targeting the Ultra Poor (CFPR/TUP),NO,0.6,MISMATCH (similarity: 0.60),UNCLEAR,UNCLEAR,UNCLEAR,UNCLEAR,UNCLEAR,UNCLEAR,YES,YES,INCLUDE,INCLUDE,True
121306716,Poverty Alleviation and Interhousehold Transfers: Evidence from BRAC's Graduation Program in Bangladesh,Selim Gulesci; ,2020,INCLUDE - IE of grad programme,INCLUDE_LIKELY,"Known graduation program from curated list verified via Stage 1.5. Per policy, override to INCLUDE (conservative: INCLUDE_LIKELY).",Rule 0: Curated program match (Stage 1.5) → INCLUDE_LIKELY,AGREE,43.26378846168518,anthropic/claude-3.5-sonnet,openai/gpt-4o-2024-11-20,,NO_EXTRACTION,0.0,ERROR: No title extracted from full-text,UNCLEAR,UNCLEAR,UNCLEAR,UNCLEAR,UNCLEAR,UNCLEAR,YES,NO,INCLUDE,INCLUDE,True
121304695,Efeitos do Pronaf Sobre a Pobreza Rural no Brasil (2001-2009),Batista Henrique Rogê; Neder; Henrique Dantas; ,2014,EXCLUDE - no graduation intervention,EXCLUDE_CLEAR,"Definite exclusion: 2 key criteria are NO: Cash support, Productive assets. Paper does not meet inclusion requirements.",Rule 1: Key NO → EXCLUDE_CLEAR,AGREE,54.2590537071228,anthropic/claude-3.5-sonnet,openai/gpt-4o-2024-11-20,Análise dos efeitos do Programa Nacional de Fortalecimento da Agricultura Familiar (Pronaf) sobre a pobreza rural no Brasil,NO,0.532608695652174,MISMATCH (similarity: 0.53),YES,NO,NO,YES,YES,YES,NO,NO,EXCLUDE,EXCLUDE,True
121297707,Creating social capital for the poorest women – evidence from BRAC's Ultra Poor Graduation program,Md Moslah; Uddin; David; Lawson; ,2025,INCLUDE - IE of grad programme,INCLUDE_LIKELY,"Known graduation program from curated list verified via Stage 1.5. Per policy, override to INCLUDE (conservative: INCLUDE_LIKELY).",Rule 0: Curated program match (Stage 1.5) → INCLUDE_LIKELY,CONFLICT,41.54293727874756,anthropic/claude-3.5-sonnet,openai/gpt-4o-2024-11-20,Social capital creation through NGO interventions: Evidence from BRAC's Ultra Poor Graduation program,PARTIAL,0.7437185929648241,MATCH_MEDIUM (similarity: 0.74),UNCLEAR,UNCLEAR,UNCLEAR,UNCLEAR,UNCLEAR,UNCLEAR,YES,NO,INCLUDE,INCLUDE,True
121297660,Displacement and development: Evidence from a graduation program for Somalia’s ultra-poor,Leight Jessica Hirvonen; Kalle; Karachiwalla; Naureen; Rakshit; D; ,2025,INCLUDE - IE of grad programme,INCLUDE_LIKELY,"Known graduation program from curated list verified via Stage 1.5. Per policy, override to INCLUDE (conservative: INCLUDE_LIKELY).",Rule 0: Curated program match (Stage 1.5) → INCLUDE_LIKELY,AGREE,45.788352489471436,anthropic/claude-3.5-sonnet,openai/gpt-4o-2024-11-20,Evaluating an Ultra-Poor Graduation Program for IDPs in Somalia,NO,0.5263157894736842,MISMATCH (similarity: 0.53),UNCLEAR,UNCLEAR,UNCLEAR,UNCLEAR,UNCLEAR,UNCLEAR,NO,NO,INCLUDE,INCLUDE,True
121296476,Graduating Out of Poverty Across Generations: Unpacking Children’s Well-being Trajectories in Burundi,Roelen K; Leon-Himmelstine C; ,2019,EXCLUDE - not an IE,INCLUDE_CLEAR,"Clear inclusion: All 6 substantive criteria YES, engines in strong agreement (6/7 criteria agree). Paper clearly meets inclusion requirements.",Rule 2: All YES + AGREE → INCLUDE_CLEAR,AGREE,43.01005148887634,anthropic/claude-3.5-sonnet,openai/gpt-4o-2024-11-20,Graduation model interventions and child well-being in Burundi,NO,0.6134969325153374,MISMATCH (similarity: 0.61),YES,YES,YES,YES,YES,YES,NO,NO,EXCLUDE,INCLUDE,False
121296009,How Much Can Asset Transfers Help The Poorest? The Five Cs Of Community-Level Development And BRAC's Ultra-Poor Programme,Krishna Anirudh; Poghosyan Meri; Das Narayan; ,2010,INCLUDE - IE of grad programme,INCLUDE_LIKELY,"Known graduation program from curated list verified via Stage 1.5. Per policy, override to INCLUDE (conservative: INCLUDE_LIKELY).",Rule 0: Curated program match (Stage 1.5) → INCLUDE_LIKELY,AGREE,46.942448139190674,anthropic/claude-3.5-sonnet,openai/gpt-4o-2024-11-20,Evaluating the Ultra Poor Programme in Bangladesh (2002-2008),NO,0.2967032967032967,MISMATCH (similarity: 0.30),UNCLEAR,UNCLEAR,UNCLEAR,UNCLEAR,UNCLEAR,UNCLEAR,YES,NO,INCLUDE,INCLUDE,True
121295973,Can Basic Entrepreneurship Transform The Economic Lives Of The Poor?,Bandiera Oriana; Burgess Robin; Das Narayan; Gulesci Selim; Rasul Imran; Sulaiman Munshi; ,2013,INCLUDE - IE of grad programme,INCLUDE_LIKELY,"Known graduation program from curated list verified via Stage 1.5. Per policy, override to INCLUDE (conservative: INCLUDE_LIKELY).",Rule 0: Curated program match (Stage 1.5) → INCLUDE_LIKELY,AGREE,41.80376982688904,anthropic/claude-3.5-sonnet,openai/gpt-4o-2024-11-20,Can Basic Entrepreneurship Transform the Economic Lives of the Poor?,YES,1.0,MATCH_HIGH,UNCLEAR,UNCLEAR,UNCLEAR,UNCLEAR,UNCLEAR,UNCLEAR,NO,NO,INCLUDE,INCLUDE,True
121295954,Does Poverty Alleviation Decrease Depression Symptoms In Post-Conflict Settings? A Cluster-Randomized Trial Of Microenterprise Assistance In Northern Uganda,Green Eric P; Blattman Christopher; Jamison Julian; Annan Jeannie; ,2016,EXCLUDE - no graduation intervention,EXCLUDE_CLEAR,Definite exclusion: 1 key criteria are NO: Cash support. Paper does not meet inclusion requirements.,Rule 1: Key NO → EXCLUDE_CLEAR,CONFLICT,49.77864193916321,anthropic/claude-3.5-sonnet,openai/gpt-4o-2024-11-20,Economic assistance program impact on depression in post-conflict Northern Uganda,NO,0.45569620253164556,MISMATCH (similarity: 0.46),YES,NO,UNCLEAR,YES,YES,YES,NO,NO,EXCLUDE,EXCLUDE,True
121295946,Does Wealth Increase Affect School Enrolment In Ultra-Poor Households: Evidence From An Experiment In Bangladesh,Sulaiman Munshi; ,2015,INCLUDE - IE of grad programme,INCLUDE_CLEAR,"Clear inclusion: All 6 substantive criteria YES, engines in strong agreement (6/7 criteria agree). Paper clearly meets inclusion requirements.",Rule 2: All YES + AGREE → INCLUDE_CLEAR,AGREE,43.72533106803894,anthropic/claude-3.5-sonnet,openai/gpt-4o-2024-11-20,Wealth and School Enrolment in Bangladesh,NO,0.5098039215686274,MISMATCH (similarity: 0.51),YES,YES,YES,YES,YES,YES,YES,NO,INCLUDE,INCLUDE,True
121295901,The Returns To Microenterprise Support Among The Ultra-Poor: A Field Experiment In Post-War Uganda,Blattman Christopher; Green Eric P; Jamison Julian; Lehmann M Christian; Annan Jeannie; ,2016,EXCLUDE - no graduation intervention,MAYBE_UNCERTAIN,"Partial inclusion: 5 YES, 2 UNCLEAR, 0 NO. Paper may meet requirements but has uncertainty. Needs human review.",Rule 5: YES + UNCLEAR + 0 NO → MAYBE_UNCERTAIN,CONFLICT,47.0097336769104,anthropic/claude-3.5-sonnet,openai/gpt-4o-2024-11-20,WINGS program evaluation,NO,0.16393442622950818,MISMATCH (similarity: 0.16),YES,UNCLEAR,UNCLEAR,YES,YES,YES,NO,NO,EXCLUDE,MAYBE,False
121295863,The Impact Of Social Security On Household Welfare: Evidence From A Transition Country,Cuong Nguyen Viet; ,2013,EXCLUDE - no graduation intervention,EXCLUDE_CLEAR,Definite exclusion: 1 key criteria are NO: Productive assets. Paper does not meet inclusion requirements.,Rule 1: Key NO → EXCLUDE_CLEAR,AGREE,43.12600088119507,anthropic/claude-3.5-sonnet,openai/gpt-4o-2024-11-20,The Impact of Social Security on Household Welfare and Poverty Reduction in Vietnam,PARTIAL,0.7337278106508875,MATCH_MEDIUM (similarity: 0.73),YES,YES,NO,YES,YES,YES,NO,NO,EXCLUDE,EXCLUDE,True
121295804,How Do Intrahousehold Dynamics Change When Assets Are Transferred To Women? Evidence From BRAC's Challenging The Frontiers Of Poverty Reduction—Targeting The Ultra Poor Program In Bangladesh,Das Narayan; Yasmin Rabeya; Ara Jinnat; Kamruzzaman Md; Davis Peter; Behrman Julia A; Roy Shalini; Quisumbing Agnes R; ,2013,INCLUDE - IE of grad programme,INCLUDE_LIKELY,"Known graduation program from curated list verified via Stage 1.5. Per policy, override to INCLUDE (conservative: INCLUDE_LIKELY).",Rule 0: Curated program match (Stage 1.5) → INCLUDE_LIKELY,AGREE,43.711796283721924,anthropic/claude-3.5-sonnet,openai/gpt-4o-2024-11-20,Intrahousehold dynamics of BRAC's Challenging the Frontiers of Poverty Reduction-Targeting the Ultra Poor (CFPR-TUP) program,PARTIAL,0.7070063694267515,MATCH_MEDIUM (similarity: 0.71),UNCLEAR,UNCLEAR,UNCLEAR,UNCLEAR,UNCLEAR,UNCLEAR,YES,NO,INCLUDE,INCLUDE,True
121295949,“Flypaper Effects” In Transfers Targeted To Women: Evidence From BRAC's “Targeting The Ultra Poor” Program In Bangladesh,Roy Shalini; Ara Jinnat; Das Narayan; Quisumbing Agnes R; ,2015,INCLUDE - IE of grad programme,INCLUDE_LIKELY,"Known graduation program from curated list verified via Stage 1.5. Per policy, override to INCLUDE (conservative: INCLUDE_LIKELY).",Rule 0: Curated program match (Stage 1.5) → INCLUDE_LIKELY,AGREE,42.81977200508118,anthropic/claude-3.5-sonnet,openai/gpt-4o-2024-11-20,Many development interventions target transfers to women...,NO,0.2905027932960894,MISMATCH (similarity: 0.29),UNCLEAR,UNCLEAR,UNCLEAR,UNCLEAR,UNCLEAR,UNCLEAR,YES,NO,INCLUDE,INCLUDE,True
121295922,Can Top-Down Community Enterprise Development Reduce Poverty And Out-Migration? Evidence From Thailand,Valeepitakdej Vipavee; Wongsurawat Winai; ,2015,EXCLUDE - no social protection intervention,EXCLUDE_CLEAR,"Definite exclusion: 2 key criteria are NO: Cash support, Productive assets. Paper does not meet inclusion requirements.",Rule 1: Key NO → EXCLUDE_CLEAR,AGREE,49.766201972961426,anthropic/claude-3.5-sonnet,openai/gpt-4o-2024-11-20,Small and Micro Community Enterprises (SMCEs) programme evaluation in Thailand,NO,0.5222222222222223,MISMATCH (similarity: 0.52),YES,NO,NO,YES,YES,YES,NO,NO,EXCLUDE,EXCLUDE,True
121295600,"Impact of the Village Alive Development Initiative on Poverty Reduction Among Farming Households in Kwara State, Nigeria",Alalade Oluwasegun Ayodeji; Longe Morenike Peju; Popoola Oluwatoki Peter; Akinboye Oyelayo Abisegun; Adebisi Luke Oloruntoba; ,2019,EXCLUDE - no graduation intervention,EXCLUDE_CLEAR,Definite exclusion: 1 key criteria are NO: Cash support. Paper does not meet inclusion requirements.,Rule 1: Key NO → EXCLUDE_CLEAR,CONFLICT,51.12660360336304,anthropic/claude-3.5-sonnet,openai/gpt-4o-2024-11-20,"Village Alive Development Initiative impact on poverty reduction in Kwara State, Nigeria",PARTIAL,0.7788461538461539,MATCH_MEDIUM (similarity: 0.78),YES,NO,UNCLEAR,YES,YES,YES,NO,NO,EXCLUDE,EXCLUDE,True
121314717,Exploring impact of targeting the ultra poor programme on health issues in Bangladesh,Siddiquee M S. H; ,2016,INCLUDE - IE of grad programme,INCLUDE_LIKELY,"Known graduation program from curated list verified via Stage 1.5. Per policy, override to INCLUDE (conservative: INCLUDE_LIKELY).",Rule 0: Curated program match (Stage 1.5) → INCLUDE_LIKELY,AGREE,55.182302713394165,anthropic/claude-3.5-sonnet,openai/gpt-4o-2024-11-20,Impact of BRAC's Targeting the Ultra Poor Programme on Health-Related Issues,PARTIAL,0.7577639751552795,MATCH_MEDIUM (similarity: 0.76),UNCLEAR,UNCLEAR,UNCLEAR,UNCLEAR,UNCLEAR,UNCLEAR,YES,NO,INCLUDE,INCLUDE,True
121341692,Swabhimaan: an integrated multi-sectoral strategy in resource-poor settings,Shrivastav Monica Abraham; Neha Rachel; Anand; Sarita; Saraswat; Abh; ,2023,EXCLUDE - no graduation intervention,EXCLUDE_CLEAR,"Definite exclusion: 3 key criteria are NO: Cash support, Productive assets, Study design. Paper does not meet inclusion requirements.",Rule 1: Key NO → EXCLUDE_CLEAR,AGREE,43.84055852890015,anthropic/claude-3.5-sonnet,openai/gpt-4o-2024-11-20,Recommendations for 1000+ Days Programme Improvement,NO,0.1732283464566929,MISMATCH (similarity: 0.17),YES,NO,NO,NO,YES,YES,NO,NO,EXCLUDE,EXCLUDE,True
121325836,Filets Sociaux (Jigisemejiri) program midline report,Hidrobo M; Roy S; Huybregts L; Njee-Bugha L; Sessou E; Kameli Y; ,2018,EXCLUDE - no graduation intervention,EXCLUDE_CLEAR,"Definite exclusion: 3 key criteria are NO: Cash support, Productive assets, Study design. Paper does not meet inclusion requirements.",Rule 1: Key NO → EXCLUDE_CLEAR,PARTIAL,73.98244857788086,anthropic/claude-3.5-sonnet,openai/gpt-4o-2024-11-20,Emergency Safety Nets Project Additional Financing,NO,0.23529411764705882,MISMATCH (similarity: 0.24),YES,NO,NO,NO,YES,NO,NO,NO,EXCLUDE,EXCLUDE,True
121304350,Is Graduation from Social Safety Nets Possible? Evidence from Sub‐Saharan Africa,Silvio Daidone Luca; Pellerano; Sudhanshu; Handa; Benjamin; Davis; ,2015,EXCLUDE - no graduation intervention,EXCLUDE_CLEAR,Definite exclusion: 1 key criteria are NO: Productive assets. Paper does not meet inclusion requirements.,Rule 1: Key NO → EXCLUDE_CLEAR,CONFLICT,67.57285475730896,anthropic/claude-3.5-sonnet,openai/gpt-4o-2024-11-20,Impact evaluation of cash transfer programmes in sub-Saharan Africa,NO,0.5034013605442177,MISMATCH (similarity: 0.50),YES,YES,NO,UNCLEAR,YES,YES,YES,NO,EXCLUDE,EXCLUDE,True
121304034,Evaluating Graduation: Insights from the Vision 2020 Umurenge Programme in Rwanda,Vincent Gahamanyi Andrew; Kettlewell; ,2015,EXCLUDE - no graduation intervention,EXCLUDE_CLEAR,"Definite exclusion: 2 key criteria are NO: Productive assets, Study design. Paper does not meet inclusion requirements.",Rule 1: Key NO → EXCLUDE_CLEAR,PARTIAL,49.95386505126953,anthropic/claude-3.5-sonnet,openai/gpt-4o-2024-11-20,,NO_EXTRACTION,0.0,ERROR: No title extracted from full-text,YES,YES,NO,NO,YES,YES,NO,NO,EXCLUDE,EXCLUDE,True
121301464,Graduating from food insecurity: evidence from graduation projects in Burundi and Rwanda,Stephen Devereux Keetie; Roelen; Ricardo; Sabates; Rachel; Sabates; ,2019,INCLUDE - IE of grad programme,INCLUDE_CLEAR,"Clear inclusion: All 6 substantive criteria YES, engines in strong agreement (6/7 criteria agree). Paper clearly meets inclusion requirements.",Rule 2: All YES + AGREE → INCLUDE_CLEAR,AGREE,54.5865375995636,anthropic/claude-3.5-sonnet,openai/gpt-4o-2024-11-20,Graduation programming and food security impacts,NO,0.3382352941176471,MISMATCH (similarity: 0.34),YES,YES,YES,YES,YES,YES,YES,NO,INCLUDE,INCLUDE,True
121304763,Labor and welfare impacts of a large-scale livelihoods program quasi-experimental evidence from India,Vivek Pandey; Vivek Pandey; Abhishek Gupta; Abhishek Gupta; Shivani Gupta; Shivani Gupta; ,2019,EXCLUDE - no graduation intervention,EXCLUDE_CLEAR,Definite exclusion: 1 key criteria are NO: Cash support. Paper does not meet inclusion requirements.,Rule 1: Key NO → EXCLUDE_CLEAR,CONFLICT,51.936140060424805,anthropic/claude-3.5-sonnet,openai/gpt-4o-2024-11-20,Impact Evaluation of the National Rural Livelihoods Project,NO,0.3875,MISMATCH (similarity: 0.39),YES,NO,UNCLEAR,YES,YES,YES,NO,NO,EXCLUDE,EXCLUDE,True
121294954,Assessing the Impact of Social Grant-Dependency on Participation of KwaZulu-Natal Rural Households in Farming: Application of the Generalised Propensity Score Method,Sinyolo Sikhulumile; Mudhara Maxwell; Wale Edilegnaw; ,2017,EXCLUDE - no graduation intervention,EXCLUDE_CLEAR,Definite exclusion: 1 key criteria are NO: Productive assets. Paper does not meet inclusion requirements.,Rule 1: Key NO → EXCLUDE_CLEAR,AGREE,56.991618394851685,anthropic/claude-3.5-sonnet,openai/gpt-4o-2024-11-20,Social grants and incentives for smallholder farming: Evidence from South Africa,NO,0.32653061224489793,MISMATCH (similarity: 0.33),YES,YES,NO,YES,YES,YES,NO,NO,EXCLUDE,EXCLUDE,True
121058357,Breaking the Chains of Poverty: Lessons from an Integrated Approach to Sustainable Development,Hassan Mehboob Ul; Ahmed Bilal; Awan Masood Sarwar; Malik Muhammad Nauman; ,2024,INCLUDE - IE of grad programme,INCLUDE_CLEAR,"Clear inclusion: All 6 substantive criteria YES, engines in strong agreement (6/7 criteria agree). Paper clearly meets inclusion requirements.",Rule 2: All YES + AGREE → INCLUDE_CLEAR,AGREE,47.26630163192749,anthropic/claude-3.5-sonnet,openai/gpt-4o-2024-11-20,,NO_EXTRACTION,0.0,ERROR: No title extracted from full-text,YES,YES,YES,YES,YES,YES,NO,NO,INCLUDE,INCLUDE,True
121304284,Reducing Poverty by Employing Young Women: Hathay Bunano's Scalable Model for Rural Production in Bangladesh (Innovations Case Narrative: Hathay Bunano),Kevin McKague Samantha; Morshed; Habibur; Rahman; ,2013,EXCLUDE - no graduation intervention,EXCLUDE_CLEAR,"Definite exclusion: 2 key criteria are NO: Cash support, Productive assets. Paper does not meet inclusion requirements.",Rule 1: Key NO → EXCLUDE_CLEAR,CONFLICT,71.65208554267883,anthropic/claude-3.5-sonnet,openai/gpt-4o-2024-11-20,"ERROR: Expecting ',' delimiter: line 48 column 47 (char 1512)",NO,0.15023474178403756,MISMATCH (similarity: 0.15),YES,NO,NO,UNCLEAR,YES,NO,NO,NO,EXCLUDE,EXCLUDE,True
121058374,How Effective Is A Big Push To The Small? Evidence From A Quasi-Experiment,Mallick Debdulal; ,2013,INCLUDE - IE of grad programme,INCLUDE_LIKELY,"Known graduation program from curated list verified via Stage 1.5. Per policy, override to INCLUDE (conservative: INCLUDE_LIKELY).",Rule 0: Curated program match (Stage 1.5) → INCLUDE_LIKELY,AGREE,55.81748342514038,anthropic/claude-3.5-sonnet,openai/gpt-4o-2024-11-20,How Effective is a Big Push to the Small? Evidence from a Quasi-Experiment,YES,1.0,MATCH_HIGH,UNCLEAR,UNCLEAR,UNCLEAR,UNCLEAR,UNCLEAR,UNCLEAR,YES,YES,INCLUDE,INCLUDE,True
121321022,Capability development among the ultra-poor in Bangladesh: a case study,Ahmed S M; Johnston H B; ,2009,EXCLUDE - study design,EXCLUDE_CLEAR,Definite exclusion: 1 key criteria are NO: Study design. Paper does not meet inclusion requirements.,Rule 1: Key NO → EXCLUDE_CLEAR,AGREE,50.60777235031128,anthropic/claude-3.5-sonnet,openai/gpt-4o-2024-11-20,Microcredit and the Ultra-Poor: A Case Study of BRAC's Intervention in Bangladesh,NO,0.4605263157894737,MISMATCH (similarity: 0.46),YES,YES,YES,NO,YES,YES,YES,NO,EXCLUDE,EXCLUDE,True
121475489,Ultra Poor And Asset Transfer In Urban Setting: Evidence From Slums In Bangladesh,Ara Jinnat; Hossain Nusrat Zaitun; Das Narayan Chandra; Bayes Abdul; ,2016,INCLUDE - IE of grad programme,INCLUDE_LIKELY,"Known graduation program from curated list verified via Stage 1.5. Per policy, override to INCLUDE (conservative: INCLUDE_LIKELY).",Rule 0: Curated program match (Stage 1.5) → INCLUDE_LIKELY,AGREE,42.414586544036865,anthropic/claude-3.5-sonnet,openai/gpt-4o-2024-11-20,,NO_EXTRACTION,0.0,ERROR: No title extracted from full-text,UNCLEAR,UNCLEAR,UNCLEAR,UNCLEAR,UNCLEAR,UNCLEAR,NO,NO,INCLUDE,INCLUDE,True
121327221,The Fading Treatment Effects of a Multifaceted Asset-Transfer Program in Ethiopia,Barker Nathan Karlan; Dean; Udry; Christopher; Wright; Kelsey; ,2024,INCLUDE - IE of grad programme,EXCLUDE_CLEAR,Definite exclusion: 1 key criteria are NO: Cash support. Paper does not meet inclusion requirements.,Rule 1: Key NO → EXCLUDE_CLEAR,AGREE,62.6650607585907,anthropic/claude-3.5-sonnet,openai/gpt-4o-2024-11-20,"We study the long-run effects of a big-push ""graduation"" program in Ethiopia",NO,0.5859872611464968,MISMATCH (similarity: 0.59),YES,NO,YES,YES,YES,YES,NO,YES,INCLUDE,EXCLUDE,False
121327437,Supporting Women's Livelihoods at Scale: Evidence from a Nationwide Multi-Faceted Program,Botea Ioana Brudevold-Newman; Andrew; Goldstein; Markus; Low; ,2023,INCLUDE - IE of grad programme,INCLUDE_LIKELY,"Known graduation program from curated list verified via Stage 1.5. Per policy, override to INCLUDE (conservative: INCLUDE_LIKELY).",Rule 0: Curated program match (Stage 1.5) → INCLUDE_LIKELY,CONFLICT,44.364421367645264,anthropic/claude-3.5-sonnet,openai/gpt-4o-2024-11-20,Supporting Women's Livelihoods (SWL) program evaluation in Zambia,NO,0.5324675324675324,MISMATCH (similarity: 0.53),UNCLEAR,UNCLEAR,UNCLEAR,UNCLEAR,UNCLEAR,UNCLEAR,NO,YES,INCLUDE,INCLUDE,True
121475488,Poverty Alleviation and Interhousehold Transfers: Evidence from BRAC's Graduation Program in Bangladesh,Gulesci Selim; ,2020,INCLUDE - IE of grad programme,INCLUDE_LIKELY,"Known graduation program from curated list verified via Stage 1.5. Per policy, override to INCLUDE (conservative: INCLUDE_LIKELY).",Rule 0: Curated program match (Stage 1.5) → INCLUDE_LIKELY,AGREE,47.20134735107422,anthropic/claude-3.5-sonnet,openai/gpt-4o-2024-11-20,The Effect of a Large-Scale Poverty Alleviation Program on Informal Transfers within Rural Communities,NO,0.4585365853658537,MISMATCH (similarity: 0.46),UNCLEAR,UNCLEAR,UNCLEAR,UNCLEAR,UNCLEAR,UNCLEAR,YES,NO,INCLUDE,INCLUDE,True
121058355,A Good Mix Against Ultra-poverty? Evidence from a Randomized Controlled Trial (RCT) in Bangladesh,Rahman Atiya; Bhattacharjee Anindita; Das Narayan; ,2021,INCLUDE - IE of grad programme,INCLUDE_LIKELY,"Known graduation program from curated list verified via Stage 1.5. Per policy, override to INCLUDE (conservative: INCLUDE_LIKELY).",Rule 0: Curated program match (Stage 1.5) → INCLUDE_LIKELY,AGREE,45.454081535339355,anthropic/claude-3.5-sonnet,openai/gpt-4o-2024-11-20,Effect of a hybrid of microcredit and grant on the ultra-poor in Bangladesh,NO,0.4186046511627907,MISMATCH (similarity: 0.42),UNCLEAR,UNCLEAR,UNCLEAR,UNCLEAR,UNCLEAR,UNCLEAR,NO,NO,INCLUDE,INCLUDE,True
121498878,Pathways out of Poverty: Findings from a Quasi-Experimental Evaluation,Siahpush Ameneé; Sanson Jo; Bombyk Matthew; ,2015,INCLUDE - IE of grad programme,INCLUDE_CLEAR,"Clear inclusion: All 6 substantive criteria YES, engines in strong agreement (6/7 criteria agree). Paper clearly meets inclusion requirements.",Rule 2: All YES + AGREE → INCLUDE_CLEAR,AGREE,49.14270806312561,anthropic/claude-3.5-sonnet,openai/gpt-4o-2024-11-20,Trickle Up Graduation Program Evaluation Report,NO,0.3418803418803419,MISMATCH (similarity: 0.34),YES,YES,YES,YES,YES,YES,NO,NO,INCLUDE,INCLUDE,True
121475479,Impact Assessment Of CFPR/TUP: A Descriptive Analysis Based On 2002-2005 Panel Data,Rabbani Mehnaz; Prakash Vivek A; Sulaiman Munshi; ,2006,INCLUDE - IE of grad programme,INCLUDE_LIKELY,"Known graduation program from curated list verified via Stage 1.5. Per policy, override to INCLUDE (conservative: INCLUDE_LIKELY).",Rule 0: Curated program match (Stage 1.5) → INCLUDE_LIKELY,AGREE,45.42275810241699,anthropic/claude-3.5-sonnet,openai/gpt-4o-2024-11-20,Impact Assessment of CFPR/TUP: A Descriptive Analysis Based on 2002-2005 Panel Data,YES,1.0,MATCH_HIGH,UNCLEAR,UNCLEAR,UNCLEAR,UNCLEAR,UNCLEAR,UNCLEAR,YES,NO,INCLUDE,INCLUDE,True
121475065,Graduating the Ultra-Poor in Egypt,Ragui Assaad; Adam Osman; William Pariente; Christine Valente; ,    ,EXCLUDE - not an IE,MAYBE_UNCERTAIN,"Default to uncertain: Assessment pattern unclear (YES=6, NO=1, UNCLEAR=0). Needs human review.",Rule DEFAULT: Unclear pattern → MAYBE_UNCERTAIN,AGREE,37.213205337524414,anthropic/claude-3.5-sonnet,openai/gpt-4o-2024-11-20,Graduating the Ultra-Poor in Egypt,YES,1.0,MATCH_HIGH,YES,YES,YES,YES,YES,NO,NO,NO,EXCLUDE,MAYBE,False
